naive,k-means-pp,k-means-ll
0.49,22.099999999999998,16.396666666666665
781.4933333333335,740.2200000000001,770.79
